Vasant Kunj,1
Greater Kailash,2
Defence Colony,3
Lajpat Nagar,4
Safdarjung,5
South Extension,6
Okhla,7
Chattarpur,8
Yusuf Sarai,9
Green Park,10
East of Kailash,11
New Friends Colony,13
CR Park,14
Friends Colony,15
Jangpura,16
Jasola,17
Hauz Khas,18
Zakir Nagar,19
Kalkaji,21
Gautam Nagar,22
Nizamuddin,23
Gulmohar park,24
Govind Puri,25
Alaknanda,26
Khirki Extension,27
Westend,30
Vasant Vihar,32
Anand Niketan,33
Sarita Vihar,34
SDA,35
Kailash Colony,36
Saket,37
Chanakya Puri,38
Shivalik Colony,39
Dera Mandi,40
Mahipalpur,42
Zamrudpur,43
Uday Park,44
Sukhdev Vihar,46
Kapashera,47
Katwaria Sarai,48
Khan Market,49
Bijwasan,51
Dakshinpuri,52
Vikram Vihar,53
Arjun Nagar,54
Asiad village,55
Neb Sarai,56
Navjeevan Vihar,57
Munirka,59
Kailash hills,60
Malviya Nagar,61
Masjid moth,62
Anand Lok,64
Sainik Farm,65
Sarvpriya Vihar,66
Sarvodaya Enclave,67
Hemkunt Colony,69
Geetanjali Enclave,70
Sector 41 Noida,72
Sector 36 Noida,73
Sector 25 Noida,74
Sector 29 Noida,75
Sector 47 Noida,76
Sector 39 Noida,77
Sector 27 Noida,78
Sector 50 Noida,79
Sector 51 Noida,80
Sector 53 Noida,81
Sector 54 Noida,82
Sector 55 Noida,83
Sector 56 Noida,84
Sector 57 Noida,85
Sector 58 Noida,86
Sector 59 Noida,87
Sector 60 Noida,88
Sector 61 Noida,89
Sector 62 Noida,90
Sector 63 Noida,91
Sector 18 Noida,92
Sector 92 Noida,93
Sector 46 Noida,94
Sector 93 Noida,95
Sector 64 Noida,96
Sector 65 Noida,97
Sector 52 Noida,98
Sector 45 Noida,99
Sector 48 Noida,100
Sector 49 Noida,101
Sector 42 Noida,102
Sector 40 Noida,104
Sector 44 Noida,105
Sector 10 Noida,106
Sector 11 Noida,107
Sector 12 Noida,108
Sector 14 Noida,109
Sector 15 Noida,110
Sector 16 Noida,111
Sector 17 Noida,112
Sector 19 Noida,113
Sector 20 Noida,114
Sector 21 Noida,115
Mathura Road,116
Sector 22 Noida,117
Sector 23 Noida,118
Sector 24 Noida,119
Sector 26 Noida,120
Sector 28 Noida,121
Sector 30 Noida,122
Sector 31 Noida,123
Sector 32 Noida,124
Sector 33 Noida,125
Sector 34 Noida,126
Sector 35 Noida,127
Sector 37 Noida,128
Ballard Estate,129
Shanti Niketan,133
Qutab Institutional Area,134
Maharani Bagh,135
Mehrauli,136
Ishwar nagar,138
Sector 71 Noida,139
Sector 72 Noida,140
Sector 43 Noida,141
Sector 1 Noida,142
Sector 2 Noida,143
Sector 3 Noida,144
Sector 4 Noida,145
Sector 5 Noida,146
Sector 6 Noida,147
Sector 7 Noida,148
Sector 8 Noida,149
Sector 9 Noida,150
Sector 80 Noida,151
Sector 81 Noida,152
Sector 82 Noida,153
Sector 83 Noida,154
Nehru Place,155
Sant Nagar,156
Savitri Nagar,157
Sector 91 Noida,159
Sector 105 Noida,160
Sector 108 Noida,161
Sector 107 Noida,162
Sector 110 Noida,163
Sector 122 Noida,164
Sector 112 Noida,165
Sector 125 Noida,166
Sector 126 Noida,167
Sector 127 Noida,168
Barakhamba Road,171
Connaught Place,172
Chandni Chowk,173
Bengali Market,174
DaryaGanj,175
Kasturba Gandhi Marg,176
Karol Bagh,177
Chawri Bazar,178
Gole Market,179
Mandi House,180
Asaf Ali Road,181
INDIA GATE,182
ITO,183
Janpath,184
Tolstoy Marg,185
Todarmal Road,186
Tilak Marg,187
Pusa Road,189
Rajendra Place,190
Shankar Road,191
Rajiv Chowk,192
Jhandewalan Extension,194
Ferozshah Road,197
Paharganj,198
Sita Ram Bazar,199
Sardar patel Marg,200
Prithviraj Road,201
Guru Harkishan Nagar,202
Jantar Mantar Road,203
Beadon Pura,204
Motia Khan,205
